,date,FB,SQ
0,('2021-04-26', '303.04', '255.77')
1,('2021-04-23', '301.13', '246.43')
2,('2021-04-22', '296.52', '245.11')
3,('2021-04-21', '301.47', '245.25')
687,('2021-04-20', '302.65', '245.5')
4,('2021-04-19', '302.24', '245.33')
5,('2021-04-16', '306.18', '256.1')
688,('2021-04-15', '307.82', '263.08')
6,('2021-04-14', '302.82', '258.4')
689,('2021-04-13', '309.76', '273.23')
690,('2021-04-12', '311.54', '265.2')
7,('2021-04-09', '312.46', '261.65')
8,('2021-04-08', '313.02', '258.37')
9,('2021-04-07', '313.09', '245.12')
691,('2021-04-06', '306.26', '236.5')
692,('2021-04-05', '308.91', '229.95')
693,('2021-04-01', '298.66', '229.51')
694,('2021-03-31', '294.53', '227.05')
695,('2021-03-30', '288.0', '212.83')
10,('2021-03-29', '290.82', '207.18')
11,('2021-03-26', '283.02', '213.6')
696,('2021-03-25', '278.74', '208.47')
697,('2021-03-24', '282.14', '213.51')
698,('2021-03-23', '290.63', '223.2')
12,('2021-03-22', '293.54', '226.13')
13,('2021-03-19', '290.11', '224.84')
699,('2021-03-18', '278.62', '224.3')
700,('2021-03-17', '284.01', '246.47')
701,('2021-03-16', '279.28', '243.36')
14,('2021-03-15', '273.75', '251.23')
702,('2021-03-12', '268.4', '242.11')
15,('2021-03-11', '273.88', '241.72')
703,('2021-03-10', '264.9', '226.73')
704,('2021-03-09', '265.74', '225.09')
705,('2021-03-08', '255.31', '201.87')
16,('2021-03-05', '264.28', '216.44')
17,('2021-03-04', '257.64', '218.41')
706,('2021-03-03', '255.41', '234.2')
707,('2021-03-02', '259.0', '252.2')
708,('2021-03-01', '264.91', '241.0')
709,('2021-02-26', '257.62', '230.03')
18,('2021-02-25', '254.69', '227.11')
710,('2021-02-24', '264.31', '237.32')
19,('2021-02-23', '265.855', '256.59')
711,('2021-02-22', '260.33', '268.08')
712,('2021-02-19', '261.56', '276.57')
713,('2021-02-18', '269.39', '270.85')
714,('2021-02-17', '273.57', '270.94')
715,('2021-02-16', '273.97', '276.02')
716,('2021-02-12', '270.5', '272.75')
20,('2021-02-11', '270.39', '265.93')
21,('2021-02-10', '271.87', '257.49')
717,('2021-02-09', '269.45', '258.12')
718,('2021-02-08', '266.58', '259.97')
22,('2021-02-05', '268.1', '240.38')
23,('2021-02-04', '266.49', '237.72')
24,('2021-02-03', '266.65', '227.94')
719,('2021-02-02', '267.08', '227.63')
720,('2021-02-01', '262.01', '221.94')
721,('2021-01-29', '258.33', '215.96')
25,('2021-01-28', '265.0', '219.91')
722,('2021-01-27', '272.14', '202.46')
723,('2021-01-26', '282.05', '209.17')
26,('2021-01-25', '278.01', '216.64')
27,('2021-01-22', '274.5', '222.88')
28,('2021-01-21', '272.87', '219.62')
724,('2021-01-20', '267.48', '226.65')
29,('2021-01-19', '261.1', '227.26')
30,('2021-01-15', '251.36', '227.75')
725,('2021-01-14', '245.64', '232.79')
726,('2021-01-13', '251.64', '230.92')
31,('2021-01-12', '251.09', '227.52')
727,('2021-01-11', '256.84', '225.5')
728,('2021-01-08', '267.57', '241.45')
729,('2021-01-07', '268.74', '239.48')
730,('2021-01-06', '263.31', '226.89')
731,('2021-01-05', '270.97', '229.75')
732,('2021-01-04', '268.94', '221.16')
733,('2020-12-31', '273.16', '217.64')
734,('2020-12-30', '271.87', '221.04')
735,('2020-12-29', '276.78', '214.0')
32,('2020-12-28', '277.0', '223.34')
33,('2020-12-24', '267.4', '228.28')
34,('2020-12-23', '268.11', '230.68')
736,('2020-12-22', '267.09', '241.58')
737,('2020-12-21', '272.79', '233.5')
738,('2020-12-18', '276.4', '235.45')
35,('2020-12-17', '274.48', '230.74')
36,('2020-12-16', '275.67', '227.08')
739,('2020-12-15', '275.55', '219.99')
740,('2020-12-14', '274.19', '215.86')
741,('2020-12-11', '273.55', '216.59')
742,('2020-12-10', '277.12', '217.25')
743,('2020-12-09', '277.92', '207.04')
37,('2020-12-08', '283.4', '213.01')
744,('2020-12-07', '285.58', '212.58')
745,('2020-12-04', '279.7', '208.15')
38,('2020-12-03', '281.85', '205.53')
746,('2020-12-02', '287.52', '202.0')
747,('2020-12-01', '286.55', '203.0')
748,('2020-11-30', '276.97', '210.96')
39,('2020-11-27', '277.81', '212.52')
40,('2020-11-25', '275.59', '212.92')
749,('2020-11-24', '276.92', '202.9')
41,('2020-11-23', '268.43', '207.78')
750,('2020-11-20', '269.7', '195.97')
42,('2020-11-19', '272.94', '191.66')
751,('2020-11-18', '271.97', '185.54')
752,('2020-11-17', '275.0', '187.9')
43,('2020-11-16', '278.96', '179.16')
44,('2020-11-13', '276.95', '177.19')
753,('2020-11-12', '275.08', '178.51')
754,('2020-11-11', '276.48', '183.42')
755,('2020-11-10', '272.43', '172.0')
756,('2020-11-09', '278.77', '184.08')
757,('2020-11-06', '293.41', '198.08')
45,('2020-11-05', '294.68', '175.23')
46,('2020-11-04', '287.38', '171.29')
758,('2020-11-03', '265.3', '158.21')
759,('2020-11-02', '261.36', '155.23')
47,('2020-10-30', '263.11', '154.88')
48,('2020-10-29', '280.83', '169.86')
49,('2020-10-28', '267.67', '167.13')
760,('2020-10-27', '283.29', '171.02')
50,('2020-10-26', '277.11', '169.89')
51,('2020-10-23', '284.79', '176.77')
761,('2020-10-22', '278.12', '175.93')
52,('2020-10-21', '278.73', '177.82')
762,('2020-10-20', '267.56', '185.74')
763,('2020-10-19', '261.4', '186.96')
764,('2020-10-16', '265.93', '186.35')
765,('2020-10-15', '266.72', '188.6')
766,('2020-10-14', '271.82', '187.49')
53,('2020-10-13', '276.14', '190.47')
767,('2020-10-12', '275.75', '185.17')
54,('2020-10-09', '264.45', '187.28')
55,('2020-10-08', '263.76', '183.5')
56,('2020-10-07', '258.12', '180.18')
768,('2020-10-06', '258.66', '175.34')
769,('2020-10-05', '264.65', '180.92')
57,('2020-10-02', '259.94', '169.61')
58,('2020-10-01', '266.63', '168.49')
770,('2020-09-30', '261.9', '162.55')
59,('2020-09-29', '261.79', '164.81')
60,('2020-09-28', '256.82', '160.76')
771,('2020-09-25', '254.82', '157.72')
61,('2020-09-24', '249.53', '152.31')
772,('2020-09-23', '249.02', '149.59')
773,('2020-09-22', '254.75', '155.59')
774,('2020-09-21', '248.15', '151.12')
775,('2020-09-18', '252.53', '145.01')
62,('2020-09-17', '254.82', '145.64')
776,('2020-09-16', '263.52', '151.05')
63,('2020-09-15', '272.42', '154.5')
64,('2020-09-14', '266.15', '144.4')
65,('2020-09-11', '266.61', '137.45')
777,('2020-09-10', '268.09', '141.07')
778,('2020-09-09', '273.72', '144.21')
779,('2020-09-08', '271.16', '139.11')
66,('2020-09-04', '282.73', '146.39')
780,('2020-09-03', '291.12', '152.86')
67,('2020-09-02', '302.5', '162.88')
68,('2020-09-01', '295.44', '166.66')
69,('2020-08-31', '293.2', '159.56')
781,('2020-08-28', '293.66', '155.93')
782,('2020-08-27', '293.22', '155.61')
70,('2020-08-26', '303.91', '153.74')
71,('2020-08-25', '280.82', '155.0')
783,('2020-08-24', '271.39', '151.79')
72,('2020-08-21', '267.01', '155.1')
73,('2020-08-20', '269.01', '155.86')
784,('2020-08-19', '262.59', '150.37')
74,('2020-08-18', '262.34', '151.04')
75,('2020-08-17', '261.16', '152.48')
785,('2020-08-14', '261.24', '141.96')
786,('2020-08-13', '261.3', '143.19')
787,('2020-08-12', '259.89', '139.02')
76,('2020-08-11', '256.13', '138.25')
77,('2020-08-10', '263.0', '139.34')
78,('2020-08-07', '268.44', '147.22')
788,('2020-08-06', '265.28', '154.0')
79,('2020-08-05', '249.12', '146.55')
789,('2020-08-04', '249.83', '136.83')
790,('2020-08-03', '251.96', '134.8')
791,('2020-07-31', '253.67', '129.85')
792,('2020-07-30', '234.5', '129.13')
793,('2020-07-29', '233.29', '128.55')
80,('2020-07-28', '230.12', '123.51')
81,('2020-07-27', '233.5', '125.75')
794,('2020-07-24', '230.71', '121.41')
82,('2020-07-23', '232.6', '122.93')
795,('2020-07-22', '239.87', '129.18')
796,('2020-07-21', '241.75', '126.99')
83,('2020-07-20', '245.42', '128.39')
797,('2020-07-17', '242.03', '120.73')
798,('2020-07-16', '240.93', '119.95')
84,('2020-07-15', '240.28', '122.2')
85,('2020-07-14', '239.73', '121.24')
799,('2020-07-13', '239.0', '118.65')
800,('2020-07-10', '245.07', '128.05')
801,('2020-07-09', '244.5', '129.39')
86,('2020-07-08', '243.58', '133.35')
87,('2020-07-07', '240.86', '125.6')
88,('2020-07-06', '240.28', '118.97')
89,('2020-07-02', '233.42', '113.39')
90,('2020-07-01', '237.55', '115.9')
91,('2020-06-30', '227.07', '104.94')
92,('2020-06-29', '220.64', '103.68')
93,('2020-06-26', '216.08', '104.3')
94,('2020-06-25', '235.68', '104.78')
802,('2020-06-24', '234.02', '100.88')
95,('2020-06-23', '242.24', '104.75')
803,('2020-06-22', '239.22', '104.22')
96,('2020-06-19', '238.79', '97.98')
97,('2020-06-18', '235.94', '98.27')
98,('2020-06-17', '235.53', '97.03')
99,('2020-06-16', '235.65', '94.74')
100,('2020-06-15', '232.5', '91.0')
101,('2020-06-12', '228.58', '86.72')
804,('2020-06-11', '224.43', '86.09')
805,('2020-06-10', '236.73', '91.91')
102,('2020-06-09', '238.67', '89.53')
806,('2020-06-08', '231.4', '89.62')
103,('2020-06-05', '230.77', '89.93')
807,('2020-06-04', '226.29', '87.72')
104,('2020-06-03', '230.16', '91.97')
808,('2020-06-02', '232.72', '88.0')
105,('2020-06-01', '231.91', '82.72')
809,('2020-05-29', '225.09', '81.08')
810,('2020-05-28', '225.46', '79.62')
106,('2020-05-27', '229.14', '81.02')
811,('2020-05-26', '232.2', '80.79')
107,('2020-05-22', '234.91', '81.49')
108,('2020-05-21', '231.39', '81.49')
109,('2020-05-20', '229.97', '82.04')
110,('2020-05-19', '216.88', '79.25')
111,('2020-05-18', '213.19', '76.63')
112,('2020-05-15', '210.88', '80.26')
812,('2020-05-14', '206.81', '78.2')
813,('2020-05-13', '205.1', '73.79')
814,('2020-05-12', '210.1', '75.21')
815,('2020-05-11', '213.18', '74.9')
113,('2020-05-08', '212.35', '76.05')
114,('2020-05-07', '211.26', '74.62')
816,('2020-05-06', '208.47', '68.1')
115,('2020-05-05', '207.07', '66.69')
116,('2020-05-04', '205.26', '63.69')
817,('2020-05-01', '202.27', '63.0')
818,('2020-04-30', '204.71', '65.14')
819,('2020-04-29', '194.19', '65.77')
117,('2020-04-28', '182.91', '61.75')
118,('2020-04-27', '187.5', '63.55')
119,('2020-04-24', '190.07', '62.01')
820,('2020-04-23', '185.13', '61.82')
120,('2020-04-22', '182.28', '60.96')
821,('2020-04-21', '170.8', '57.4')
121,('2020-04-20', '178.24', '61.06')
822,('2020-04-17', '179.24', '61.09')
823,('2020-04-16', '176.25', '57.32')
122,('2020-04-15', '176.97', '61.38')
123,('2020-04-14', '178.17', '62.41')
124,('2020-04-13', '174.79', '59.42')
125,('2020-04-09', '175.19', '59.21')
126,('2020-04-08', '174.28', '57.04')
127,('2020-04-07', '168.83', '50.31')
128,('2020-04-06', '165.55', '50.42')
129,('2020-04-03', '154.18', '43.72')
824,('2020-04-02', '158.19', '45.88')
825,('2020-04-01', '159.6', '46.81')
130,('2020-03-31', '166.8', '52.38')
826,('2020-03-30', '165.95', '55.0')
131,('2020-03-27', '156.79', '53.34')
132,('2020-03-26', '163.34', '56.03')
133,('2020-03-25', '156.21', '52.39')
134,('2020-03-24', '160.98', '46.31')
827,('2020-03-23', '148.1', '40.01')
828,('2020-03-20', '149.73', '38.09')
829,('2020-03-19', '153.13', '40.0')
135,('2020-03-18', '146.96', '39.5')
830,('2020-03-17', '149.42', '44.73')
831,('2020-03-16', '146.01', '41.27')
136,('2020-03-13', '170.28', '57.77')
137,('2020-03-12', '154.47', '53.57')
138,('2020-03-11', '170.24', '62.44')
832,('2020-03-10', '178.19', '67.24')
833,('2020-03-09', '169.5', '65.73')
834,('2020-03-06', '181.09', '73.09')
139,('2020-03-05', '185.17', '76.32')
140,('2020-03-04', '191.76', '79.26')
141,('2020-03-03', '185.89', '78.84')
835,('2020-03-02', '196.44', '80.67')
142,('2020-02-28', '192.47', '83.33')
836,('2020-02-27', '189.75', '79.31')
837,('2020-02-26', '197.2', '76.59')
838,('2020-02-25', '196.77', '77.05')
143,('2020-02-24', '200.72', '80.21')
839,('2020-02-21', '210.18', '83.49')
840,('2020-02-20', '214.58', '85.7')
841,('2020-02-19', '217.49', '85.24')
144,('2020-02-18', '217.8', '82.42')
842,('2020-02-14', '214.18', '81.86')
145,('2020-02-13', '213.14', '80.99')
146,('2020-02-12', '210.76', '80.0')
843,('2020-02-11', '207.19', '79.88')
147,('2020-02-10', '213.06', '80.17')
148,('2020-02-07', '212.33', '78.86')
844,('2020-02-06', '210.85', '78.51')
149,('2020-02-05', '210.11', '78.25')
150,('2020-02-04', '209.83', '80.9')
845,('2020-02-03', '204.19', '79.8')
846,('2020-01-31', '201.91', '74.69')
847,('2020-01-30', '209.53', '76.1')
151,('2020-01-29', '223.23', '76.16')
848,('2020-01-28', '217.79', '74.8')
152,('2020-01-27', '214.87', '71.05')
153,('2020-01-24', '217.94', '71.14')
849,('2020-01-23', '219.76', '69.29')
850,('2020-01-22', '221.32', '68.69')
154,('2020-01-21', '221.44', '68.31')
851,('2020-01-17', '222.14', '69.38')
155,('2020-01-16', '221.77', '69.52')
852,('2020-01-15', '221.15', '70.36')
156,('2020-01-14', '219.06', '68.17')
853,('2020-01-13', '221.91', '68.66')
157,('2020-01-10', '218.06', '67.99')
854,('2020-01-09', '218.3', '67.93')
855,('2020-01-08', '215.22', '67.6')
856,('2020-01-07', '213.06', '64.59')
158,('2020-01-06', '212.6', '62.57')
857,('2020-01-03', '208.67', '63.0')
858,('2020-01-02', '209.78', '63.83')
159,('2019-12-31', '205.25', '62.56')
859,('2019-12-30', '204.41', '61.8')
860,('2019-12-27', '208.1', '63.8')
160,('2019-12-26', '207.79', '64.03')
161,('2019-12-24', '205.12', '63.96')
861,('2019-12-23', '206.18', '62.8')
862,('2019-12-20', '206.3', '63.63')
162,('2019-12-19', '206.06', '64.55')
863,('2019-12-18', '202.5', '65.14')
163,('2019-12-17', '198.39', '65.55')
864,('2019-12-16', '197.92', '66.53')
164,('2019-12-13', '194.11', '64.8')
165,('2019-12-12', '196.75', '65.86')
865,('2019-12-11', '202.26', '65.75')
866,('2019-12-10', '200.87', '65.84')
867,('2019-12-09', '201.34', '67.06')
166,('2019-12-06', '201.05', '67.98')
868,('2019-12-05', '199.36', '67.14')
869,('2019-12-04', '198.71', '67.78')
870,('2019-12-03', '198.82', '67.04')
871,('2019-12-02', '199.7', '66.88')
167,('2019-11-29', '201.64', '69.12')
872,('2019-11-27', '202.0', '69.65')
873,('2019-11-26', '198.97', '68.94')
874,('2019-11-25', '199.79', '68.25')
875,('2019-11-22', '198.82', '67.75')
168,('2019-11-21', '197.93', '67.42')
169,('2019-11-20', '197.51', '67.17')
876,('2019-11-19', '199.32', '66.37')
877,('2019-11-18', '197.4', '65.74')
170,('2019-11-15', '195.1', '64.7')
878,('2019-11-14', '193.15', '62.99')
879,('2019-11-13', '193.19', '61.51')
880,('2019-11-12', '194.47', '61.54')
881,('2019-11-11', '189.61', '63.79')
171,('2019-11-08', '190.84', '62.45')
882,('2019-11-07', '190.42', '64.41')
883,('2019-11-06', '191.55', '61.34')
172,('2019-11-05', '194.32', '61.06')
173,('2019-11-04', '194.72', '62.38')
174,('2019-11-01', '193.62', '62.6')
884,('2019-10-31', '191.65', '61.43')
885,('2019-10-30', '188.25', '62.16')
886,('2019-10-29', '189.31', '62.41')
175,('2019-10-28', '189.4', '62.8')
887,('2019-10-25', '187.89', '62.89')
176,('2019-10-24', '186.38', '61.72')
888,('2019-10-23', '186.15', '58.36')
889,('2019-10-22', '182.34', '58.83')
177,('2019-10-21', '189.76', '61.15')
890,('2019-10-18', '185.85', '60.45')
891,('2019-10-17', '190.39', '63.4')
892,('2019-10-16', '189.55', '63.0')
893,('2019-10-15', '188.89', '64.29')
894,('2019-10-14', '183.28', '61.83')
178,('2019-10-11', '184.19', '61.54')
895,('2019-10-10', '180.03', '62.03')
896,('2019-10-09', '179.85', '62.22')
179,('2019-10-08', '177.75', '60.8')
897,('2019-10-07', '179.68', '62.25')
180,('2019-10-04', '180.45', '62.65')
898,('2019-10-03', '179.38', '62.05')
899,('2019-10-02', '174.6', '60.08')
181,('2019-10-01', '175.81', '61.63')
900,('2019-09-30', '178.08', '61.95')
182,('2019-09-27', '177.1', '60.75')
901,('2019-09-26', '180.11', '60.8')
902,('2019-09-25', '182.8', '58.51')
903,('2019-09-24', '181.28', '57.5')
183,('2019-09-23', '186.82', '56.76')
184,('2019-09-20', '189.93', '57.85')
185,('2019-09-19', '190.14', '59.03')
186,('2019-09-18', '188.14', '59.75')
187,('2019-09-17', '188.08', '59.6')
188,('2019-09-16', '186.22', '59.25')
189,('2019-09-13', '187.19', '58.29')
904,('2019-09-12', '187.47', '57.79')
190,('2019-09-11', '188.49', '59.2')
905,('2019-09-10', '186.17', '60.55')
191,('2019-09-09', '188.76', '61.47')
192,('2019-09-06', '187.49', '62.0')
193,('2019-09-05', '190.9', '63.02')
906,('2019-09-04', '187.14', '61.17')
907,('2019-09-03', '182.39', '61.13')
908,('2019-08-30', '185.67', '61.84')
909,('2019-08-29', '185.57', '62.84')
910,('2019-08-28', '181.76', '62.15')
194,('2019-08-27', '181.3', '61.75')
195,('2019-08-26', '180.36', '62.8')
911,('2019-08-23', '177.75', '61.78')
912,('2019-08-22', '182.04', '64.68')
196,('2019-08-21', '183.55', '65.41')
913,('2019-08-20', '183.81', '64.37')
197,('2019-08-19', '186.17', '64.08')
198,('2019-08-16', '183.7', '62.87')
199,('2019-08-15', '182.59', '62.0')
200,('2019-08-14', '179.71', '61.55')
201,('2019-08-13', '188.45', '63.0')
914,('2019-08-12', '185.37', '62.3')
202,('2019-08-09', '187.85', '65.01')
915,('2019-08-08', '190.16', '66.27')
203,('2019-08-07', '185.15', '65.0')
204,('2019-08-06', '184.51', '64.6')
205,('2019-08-05', '181.73', '64.85')
206,('2019-08-02', '189.02', '69.6')
207,('2019-08-01', '192.73', '80.98')
916,('2019-07-31', '194.23', '80.41')
208,('2019-07-30', '197.04', '80.49')
917,('2019-07-29', '195.94', '80.2')
918,('2019-07-26', '199.75', '81.81')
919,('2019-07-25', '200.71', '80.02')
209,('2019-07-24', '204.66', '80.43')
210,('2019-07-23', '202.36', '78.84')
211,('2019-07-22', '202.32', '78.57')
212,('2019-07-19', '198.36', '78.51')
920,('2019-07-18', '200.78', '81.06')
921,('2019-07-17', '201.8', '80.87')
213,('2019-07-16', '203.84', '80.59')
214,('2019-07-15', '203.91', '82.17')
215,('2019-07-12', '204.87', '82.28')
922,('2019-07-11', '201.23', '79.44')
923,('2019-07-10', '202.73', '78.37')
924,('2019-07-09', '199.21', '77.96')
216,('2019-07-08', '195.76', '73.43')
925,('2019-07-05', '196.4', '74.31')
217,('2019-07-03', '197.2', '74.26')
926,('2019-07-02', '195.0', '73.97')
218,('2019-07-01', '193.0', '73.2')
927,('2019-06-28', '193.0', '72.53')
928,('2019-06-27', '189.5', '71.28')
219,('2019-06-26', '187.66', '69.95')
929,('2019-06-25', '188.84', '69.87')
930,('2019-06-24', '192.6', '72.71')
220,('2019-06-21', '191.14', '72.87')
931,('2019-06-20', '189.53', '74.42')
221,('2019-06-19', '187.48', '72.66')
932,('2019-06-18', '188.47', '71.82')
933,('2019-06-17', '189.01', '72.21')
934,('2019-06-14', '181.33', '71.59')
222,('2019-06-13', '177.47', '72.18')
223,('2019-06-12', '175.04', '70.46')
224,('2019-06-11', '178.1', '70.18')
225,('2019-06-10', '174.82', '70.37')
935,('2019-06-07', '173.35', '68.46')
936,('2019-06-06', '168.33', '65.77')
937,('2019-06-05', '168.17', '64.93')
226,('2019-06-04', '167.5', '63.39')
938,('2019-06-03', '164.15', '60.62')
939,('2019-05-31', '177.47', '61.95')
227,('2019-05-30', '183.01', '63.67')
940,('2019-05-29', '182.19', '63.23')
228,('2019-05-28', '184.31', '65.82')
229,('2019-05-24', '181.06', '64.66')
230,('2019-05-23', '180.87', '63.75')
941,('2019-05-22', '185.32', '66.46')
942,('2019-05-21', '184.82', '65.92')
943,('2019-05-20', '182.72', '64.39')
231,('2019-05-17', '185.3', '65.31')
232,('2019-05-16', '186.99', '66.4')
944,('2019-05-15', '186.27', '65.23')
233,('2019-05-14', '180.73', '64.11')
234,('2019-05-13', '181.54', '62.39')
945,('2019-05-10', '188.34', '65.99')
946,('2019-05-09', '188.65', '66.39')
947,('2019-05-08', '189.54', '67.25')
948,('2019-05-07', '189.77', '68.42')
235,('2019-05-06', '193.88', '70.14')
236,('2019-05-03', '195.47', '68.52')
237,('2019-05-02', '192.53', '67.74')
238,('2019-05-01', '193.03', '73.62')
949,('2019-04-30', '193.4', '72.82')
239,('2019-04-29', '194.78', '72.72')
950,('2019-04-26', '191.49', '71.55')
951,('2019-04-25', '193.26', '72.65')
240,('2019-04-24', '182.58', '71.99')
952,('2019-04-23', '183.78', '72.45')
241,('2019-04-22', '181.44', '72.58')
953,('2019-04-18', '178.28', '70.74')
242,('2019-04-17', '178.78', '72.76')
954,('2019-04-16', '178.87', '73.49')
955,('2019-04-15', '179.65', '74.39')
243,('2019-04-12', '179.1', '75.28')
244,('2019-04-11', '177.51', '75.5')
956,('2019-04-10', '177.82', '74.74')
245,('2019-04-09', '177.58', '74.6')
246,('2019-04-08', '174.93', '75.0')
957,('2019-04-05', '175.72', '75.03')
247,('2019-04-04', '176.02', '74.52')
248,('2019-04-03', '173.54', '77.05')
249,('2019-04-02', '174.2', '75.6')
958,('2019-04-01', '168.7', '76.32')
959,('2019-03-29', '166.69', '74.92')
250,('2019-03-28', '165.55', '74.26')
960,('2019-03-27', '165.87', '72.97')
961,('2019-03-26', '167.68', '73.93')
962,('2019-03-25', '166.29', '74.55')
963,('2019-03-22', '164.34', '75.09')
964,('2019-03-21', '166.08', '78.53')
251,('2019-03-20', '165.44', '75.26')
252,('2019-03-19', '161.57', '76.81')
253,('2019-03-18', '160.47', '75.23')
254,('2019-03-15', '165.98', '76.65')
255,('2019-03-14', '170.17', '77.38')
965,('2019-03-13', '173.37', '77.85')
966,('2019-03-12', '171.92', '76.77')
967,('2019-03-11', '172.07', '75.53')
968,('2019-03-08', '169.6', '74.4')
256,('2019-03-07', '169.13', '74.11')
969,('2019-03-06', '172.51', '75.14')
970,('2019-03-05', '171.26', '76.04')
971,('2019-03-04', '167.37', '74.69')
257,('2019-03-01', '162.28', '77.46')
972,('2019-02-28', '161.45', '81.24')
258,('2019-02-27', '162.81', '79.32')
259,('2019-02-26', '164.13', '77.95')
973,('2019-02-25', '164.62', '77.13')
974,('2019-02-22', '161.89', '76.08')
975,('2019-02-21', '160.04', '74.43')
260,('2019-02-20', '162.56', '75.97')
261,('2019-02-19', '162.29', '76.64')
976,('2019-02-15', '162.5', '75.64')
262,('2019-02-14', '163.95', '75.67')
977,('2019-02-13', '164.07', '75.63')
978,('2019-02-12', '165.04', '75.59')
263,('2019-02-11', '165.79', '74.32')
979,('2019-02-08', '167.33', '73.49')
980,('2019-02-07', '166.38', '71.95')
981,('2019-02-06', '170.49', '72.67')
982,('2019-02-05', '171.16', '72.28')
983,('2019-02-04', '169.25', '71.75')
264,('2019-02-01', '165.71', '70.8')
984,('2019-01-31', '166.69', '71.35')
265,('2019-01-30', '150.42', '71.53')
985,('2019-01-29', '144.19', '68.56')
986,('2019-01-28', '147.47', '76.22')
987,('2019-01-25', '149.01', '77.97')
266,('2019-01-24', '145.83', '73.94')
988,('2019-01-23', '144.3', '69.1')
267,('2019-01-22', '147.57', '67.85')
989,('2019-01-18', '150.04', '72.24')
990,('2019-01-17', '148.3', '68.84')
991,('2019-01-16', '147.54', '65.9')
992,('2019-01-15', '148.95', '65.96')
268,('2019-01-14', '145.39', '65.18')
269,('2019-01-11', '143.8', '66.23')
993,('2019-01-10', '144.2', '66.1')
270,('2019-01-09', '144.23', '65.93')
994,('2019-01-08', '142.53', '63.12')
271,('2019-01-07', '138.05', '60.72')
272,('2019-01-04', '137.95', '58.18')
273,('2019-01-03', '131.74', '52.42')
995,('2019-01-02', '135.68', '57.2')
274,('2018-12-31', '131.09', '56.09')
275,('2018-12-28', '133.2', '55.87')
276,('2018-12-27', '134.52', '56.15')
996,('2018-12-26', '134.18', '55.32')
277,('2018-12-24', '124.06', '50.72')
997,('2018-12-21', '124.95', '52.51')
998,('2018-12-20', '133.4', '55.9')
999,('2018-12-19', '133.24', '59.03')
1000,('2018-12-18', '143.66', '59.92')
1001,('2018-12-17', '140.19', '58.62')
1002,('2018-12-14', '144.06', '62.14')
1003,('2018-12-13', '145.01', '62.9')
278,('2018-12-12', '144.5', '63.65')
279,('2018-12-11', '142.08', '61.78')
280,('2018-12-10', '141.85', '63.38')
281,('2018-12-07', '137.42', '60.78')
282,('2018-12-06', '139.63', '65.69')
283,('2018-12-04', '137.93', '63.51')
284,('2018-12-03', '141.09', '71.95')
1004,('2018-11-30', '140.61', '69.84')
1005,('2018-11-29', '138.68', '69.9')
1006,('2018-11-28', '136.76', '69.89')
285,('2018-11-27', '135.0', '65.88')
286,('2018-11-26', '136.38', '66.52')
1007,('2018-11-23', '131.73', '63.47')
1008,('2018-11-21', '134.82', '62.62')
1009,('2018-11-20', '132.43', '61.82')
1010,('2018-11-19', '131.55', '62.97')
1011,('2018-11-16', '139.53', '70.59')
287,('2018-11-15', '143.85', '73.6')
288,('2018-11-14', '144.22', '69.81')
289,('2018-11-13', '142.16', '71.85')
1012,('2018-11-12', '141.55', '69.83')
290,('2018-11-09', '144.96', '73.27')
291,('2018-11-08', '147.87', '75.23')
1013,('2018-11-07', '151.53', '82.69')
292,('2018-11-06', '149.94', '77.31')
1014,('2018-11-05', '148.68', '75.01')
1015,('2018-11-02', '150.35', '77.76')
1016,('2018-11-01', '151.75', '76.74')
1017,('2018-10-31', '151.79', '73.45')
1018,('2018-10-30', '146.22', '68.76')
1019,('2018-10-29', '142.09', '67.28')
1020,('2018-10-26', '145.37', '71.12')
293,('2018-10-25', '150.95', '73.49')
294,('2018-10-24', '146.04', '69.34')
295,('2018-10-23', '154.39', '74.15')
1021,('2018-10-22', '154.78', '75.72')
296,('2018-10-19', '154.05', '74.07')
1022,('2018-10-18', '154.92', '74.96')
1023,('2018-10-17', '159.42', '78.05')
297,('2018-10-16', '158.78', '78.72')
1024,('2018-10-15', '153.52', '73.77')
1025,('2018-10-12', '153.74', '73.97')
298,('2018-10-11', '153.35', '69.03')
1026,('2018-10-10', '151.38', '77.45')
299,('2018-10-09', '157.9', '86.17')
1027,('2018-10-08', '157.25', '86.06')
1028,('2018-10-05', '157.33', '94.11')
300,('2018-10-04', '158.85', '94.49')
1029,('2018-10-03', '162.43', '96.96')
301,('2018-10-02', '159.33', '97.83')
302,('2018-10-01', '162.44', '97.28')
1030,('2018-09-28', '164.46', '99.01')
1031,('2018-09-27', '168.84', '97.96')
1032,('2018-09-26', '166.95', '94.65')
303,('2018-09-25', '164.91', '95.35')
304,('2018-09-24', '165.41', '86.04')
305,('2018-09-21', '162.93', '85.3')
306,('2018-09-20', '166.02', '86.51')
307,('2018-09-19', '163.06', '84.8')
308,('2018-09-18', '160.3', '87.99')
1033,('2018-09-17', '160.58', '86.86')
1034,('2018-09-14', '162.32', '90.82')
309,('2018-09-13', '161.36', '90.22')
310,('2018-09-12', '162.0', '90.44')
1035,('2018-09-11', '165.94', '92.28')
1036,('2018-09-10', '164.18', '89.39')
1037,('2018-09-07', '163.04', '89.97')
1038,('2018-09-06', '162.53', '88.54')
311,('2018-09-05', '167.18', '87.2')
1039,('2018-09-04', '171.16', '91.25')
312,('2018-08-31', '175.73', '88.64')
313,('2018-08-30', '177.64', '87.76')
314,('2018-08-29', '175.9', '85.7')
315,('2018-08-28', '176.26', '80.8')
1040,('2018-08-27', '177.46', '78.25')
1041,('2018-08-24', '174.645', '78.18')
1042,('2018-08-23', '172.9', '77.12')
1043,('2018-08-22', '173.64', '76.44')
316,('2018-08-21', '172.62', '75.19')
1044,('2018-08-20', '172.5', '74.26')
317,('2018-08-17', '173.8', '72.9')
318,('2018-08-16', '174.7', '72.76')
1045,('2018-08-15', '179.53', '72.24')
1046,('2018-08-14', '181.11', '74.97')
1047,('2018-08-13', '180.05', '72.37')
319,('2018-08-10', '180.26', '70.6')
320,('2018-08-09', '183.09', '69.38')
321,('2018-08-08', '185.18', '70.82')
1048,('2018-08-07', '183.81', '71.0')
322,('2018-08-06', '185.69', '70.92')
323,('2018-08-03', '177.78', '68.36')
1049,('2018-08-02', '176.37', '72.65')
324,('2018-08-01', '171.65', '66.86')
325,('2018-07-31', '172.58', '64.65')
1050,('2018-07-30', '171.06', '65.62')
1051,('2018-07-27', '174.89', '69.85')
1052,('2018-07-26', '176.26', '71.99')
326,('2018-07-25', '217.5', '72.53')
327,('2018-07-24', '214.67', '69.36')
1053,('2018-07-23', '210.91', '71.6')
1054,('2018-07-20', '209.94', '70.41')
1055,('2018-07-19', '208.09', '70.32')
328,('2018-07-18', '209.36', '68.29')
329,('2018-07-17', '209.99', '68.33')
1056,('2018-07-16', '207.23', '66.95')
1057,('2018-07-13', '207.32', '66.97')
330,('2018-07-12', '206.92', '67.28')
331,('2018-07-11', '202.54', '65.33')
1058,('2018-07-10', '203.54', '64.76')
332,('2018-07-09', '204.74', '66.48')
1059,('2018-07-06', '203.23', '66.44')
333,('2018-07-05', '198.45', '64.15')
334,('2018-07-03', '192.73', '61.75')
335,('2018-07-02', '197.36', '63.14')
336,('2018-06-29', '194.32', '61.64')
1060,('2018-06-28', '196.23', '61.55')
337,('2018-06-27', '195.84', '60.09')
1061,('2018-06-26', '199.0', '62.55')
1062,('2018-06-25', '196.35', '61.89')
338,('2018-06-22', '201.74', '65.75')
339,('2018-06-21', '201.5', '67.1')
340,('2018-06-20', '202.0', '67.59')
1063,('2018-06-19', '197.49', '65.96')
341,('2018-06-18', '198.31', '66.2')
1064,('2018-06-15', '195.85', '64.48')
1065,('2018-06-14', '196.81', '63.88')
342,('2018-06-13', '192.41', '62.5')
1066,('2018-06-12', '192.4', '63.21')
343,('2018-06-11', '191.54', '61.29')
344,('2018-06-08', '189.1', '61.78')
1067,('2018-06-07', '188.18', '60.67')
1068,('2018-06-06', '191.34', '62.72')
1069,('2018-06-05', '192.94', '61.57')
1070,('2018-06-04', '193.28', '61.2')
345,('2018-06-01', '193.99', '59.41')
1071,('2018-05-31', '191.78', '58.25')
346,('2018-05-30', '187.67', '57.91')
1072,('2018-05-29', '185.74', '56.92')
347,('2018-05-25', '184.92', '55.77')
1073,('2018-05-24', '185.93', '55.55')
1074,('2018-05-23', '186.9', '55.09')
1075,('2018-05-22', '183.8', '54.63')
1076,('2018-05-21', '184.49', '56.39')
348,('2018-05-18', '182.68', '55.04')
1077,('2018-05-17', '183.76', '54.82')
349,('2018-05-16', '183.2', '56.59')
1078,('2018-05-15', '184.32', '54.65')
350,('2018-05-14', '186.64', '54.28')
351,('2018-05-11', '186.99', '54.73')
352,('2018-05-10', '185.53', '54.65')
1079,('2018-05-09', '182.66', '54.26')
353,('2018-05-08', '178.92', '53.32')
1080,('2018-05-07', '177.97', '51.12')
354,('2018-05-04', '176.61', '49.1')
1081,('2018-05-03', '174.02', '49.21')
355,('2018-05-02', '176.07', '48.66')
356,('2018-05-01', '173.86', '48.2')
357,('2018-04-30', '172.0', '47.34')
1082,('2018-04-27', '173.59', '47.57')
358,('2018-04-26', '174.16', '46.74')
359,('2018-04-25', '159.69', '44.75')
360,('2018-04-24', '159.69', '46.01')
361,('2018-04-23', '165.84', '50.35')
362,('2018-04-20', '166.28', '51.46')
1083,('2018-04-19', '168.1', '50.63')
1084,('2018-04-18', '166.36', '51.38')
363,('2018-04-17', '168.66', '49.13')
1085,('2018-04-16', '164.83', '47.03')
364,('2018-04-13', '164.52', '47.5')
365,('2018-04-12', '163.87', '49.69')
366,('2018-04-11', '166.32', '47.76')
1086,('2018-04-10', '165.04', '47.8')
1087,('2018-04-09', '157.93', '45.89')
1088,('2018-04-06', '157.2', '45.87')
1089,('2018-04-05', '159.34', '48.02')
1090,('2018-04-04', '155.1', '47.67')
1091,('2018-04-03', '156.11', '47.58')
1092,('2018-04-02', '155.39', '47.68')
367,('2018-03-29', '159.79', '49.2')
368,('2018-03-28', '153.03', '47.39')
369,('2018-03-27', '152.22', '51.06')
1093,('2018-03-26', '160.06', '53.55')
1094,('2018-03-23', '159.39', '51.67')
370,('2018-03-22', '164.89', '55.16')
371,('2018-03-21', '169.39', '57.09')
372,('2018-03-20', '168.15', '57.69')
373,('2018-03-19', '172.56', '54.58')
374,('2018-03-16', '185.09', '54.89')
1095,('2018-03-15', '183.86', '54.84')
1096,('2018-03-14', '184.19', '54.61')
375,('2018-03-13', '181.88', '51.83')
376,('2018-03-12', '184.76', '53.19')
377,('2018-03-09', '185.23', '52.49')
1097,('2018-03-08', '182.34', '52.25')
378,('2018-03-07', '183.71', '50.72')
379,('2018-03-06', '179.78', '49.6')
1098,('2018-03-05', '180.4', '50.42')
380,('2018-03-02', '176.62', '46.02')
381,('2018-03-01', '175.94', '46.01')
382,('2018-02-28', '178.32', '46.05')
1099,('2018-02-27', '181.46', '45.91')
383,('2018-02-26', '184.93', '46.55')
1100,('2018-02-23', '183.29', '44.86')
384,('2018-02-22', '178.99', '44.9')
1101,('2018-02-21', '177.91', '44.1')
385,('2018-02-20', '176.01', '44.93')
1102,('2018-02-16', '177.36', '44.11')
1103,('2018-02-15', '179.96', '44.29')
1104,('2018-02-14', '179.52', '41.85')
386,('2018-02-13', '173.15', '42.11')
387,('2018-02-12', '176.41', '39.92')
1105,('2018-02-09', '176.11', '39.57')
388,('2018-02-08', '171.58', '39.5')
389,('2018-02-07', '180.18', '41.67')
1106,('2018-02-06', '185.31', '41.61')
390,('2018-02-05', '181.26', '41.02')
1107,('2018-02-02', '190.28', '43.61')
391,('2018-02-01', '193.09', '44.45')
1108,('2018-01-31', '186.89', '46.91')
392,('2018-01-30', '187.12', '45.52')
1109,('2018-01-29', '185.98', '45.43')
1110,('2018-01-26', '190.0', '45.97')
393,('2018-01-25', '187.48', '45.12')
1111,('2018-01-24', '186.55', '44.32')
1112,('2018-01-23', '189.35', '45.01')
394,('2018-01-22', '185.37', '45.29')
395,('2018-01-19', '181.29', '42.56')
1113,('2018-01-18', '179.8', '40.27')
396,('2018-01-17', '177.6', '40.06')
397,('2018-01-16', '178.39', '39.32')
398,('2018-01-12', '179.37', '41.25')
1114,('2018-01-11', '187.77', '42.3')
399,('2018-01-10', '187.84', '40.84')
400,('2018-01-09', '187.87', '40.88')
401,('2018-01-08', '188.28', '40.76')
1115,('2018-01-05', '186.85', '41.14')
402,('2018-01-04', '184.33', '38.1')
403,('2018-01-03', '184.67', '37.31')
404,('2018-01-02', '181.42', '36.17')
405,('2017-12-29', '176.46', '34.67')
406,('2017-12-28', '177.92', '35.13')
407,('2017-12-27', '177.62', '35.75')
408,('2017-12-26', '175.99', '35.05')
1116,('2017-12-22', '177.2', '35.14')
1117,('2017-12-21', '177.45', '35.87')
409,('2017-12-20', '177.89', '35.66')
1118,('2017-12-19', '179.51', '36.92')
410,('2017-12-18', '180.82', '37.75')
1119,('2017-12-15', '180.18', '37.03')
411,('2017-12-14', '178.39', '37.01')
1120,('2017-12-13', '178.3', '36.19')
1121,('2017-12-12', '176.96', '38.08')
1122,('2017-12-11', '179.04', '38.3')
1123,('2017-12-08', '179.0', '38.09')
412,('2017-12-07', '180.14', '38.73')
1124,('2017-12-06', '176.06', '37.61')
1125,('2017-12-05', '172.83', '37.6')
1126,('2017-12-04', '171.47', '36.87')
1127,('2017-12-01', '175.1', '38.22')
413,('2017-11-30', '177.18', '39.22')
1128,('2017-11-29', '175.13', '39.13')
414,('2017-11-28', '182.42', '42.55')
415,('2017-11-27', '183.03', '41.02')
416,('2017-11-24', '182.78', '48.86')
417,('2017-11-22', '180.87', '48.81')
418,('2017-11-21', '181.86', '48.06')
1129,('2017-11-20', '178.74', '45.21')
419,('2017-11-17', '179.0', '44.18')
1130,('2017-11-16', '179.59', '41.9')
420,('2017-11-15', '177.95', '40.66')
421,('2017-11-14', '178.07', '39.74')
1131,('2017-11-13', '178.77', '39.98')
1132,('2017-11-10', '178.46', '39.21')
422,('2017-11-09', '179.3', '37.96')
1133,('2017-11-08', '179.56', '36.71')
423,('2017-11-07', '180.25', '36.76')
1134,('2017-11-06', '180.17', '37.18')
424,('2017-11-03', '178.92', '36.89')
1135,('2017-11-02', '178.92', '36.07')
425,('2017-11-01', '182.66', '36.47')
1136,('2017-10-31', '180.06', '37.19')
426,('2017-10-30', '179.87', '35.75')
427,('2017-10-27', '177.88', '35.2')
428,('2017-10-26', '170.63', '34.11')
429,('2017-10-25', '170.6', '32.9')
430,('2017-10-24', '171.8', '32.71')
431,('2017-10-23', '171.27', '32.53')
1137,('2017-10-20', '174.98', '32.5')
432,('2017-10-19', '174.56', '32.12')
433,('2017-10-18', '176.03', '32.52')
434,('2017-10-17', '176.11', '32.69')
435,('2017-10-16', '174.52', '33.22')
436,('2017-10-13', '173.74', '32.81')
1138,('2017-10-12', '172.55', '32.81')
1139,('2017-10-11', '172.74', '32.0')
1140,('2017-10-10', '171.59', '31.32')
1141,('2017-10-09', '172.5', '31.07')
1142,('2017-10-06', '172.23', '30.76')
437,('2017-10-05', '171.24', '30.76')
1143,('2017-10-04', '168.42', '30.15')
438,('2017-10-03', '169.96', '29.94')
1144,('2017-10-02', '169.47', '29.39')
1145,('2017-09-29', '170.87', '28.81')
439,('2017-09-28', '168.73', '28.49')
440,('2017-09-27', '167.68', '28.07')
441,('2017-09-26', '164.21', '27.61')
442,('2017-09-25', '162.87', '27.45')
443,('2017-09-22', '170.54', '28.75')
1146,('2017-09-21', '171.11', '28.4')
444,('2017-09-20', '172.17', '28.47')
445,('2017-09-19', '172.52', '28.56')
446,('2017-09-18', '170.01', '28.69')
1147,('2017-09-15', '171.64', '28.5')
1148,('2017-09-14', '170.96', '28.64')
447,('2017-09-13', '173.05', '27.49')
448,('2017-09-12', '172.96', '27.27')
1149,('2017-09-11', '173.51', '27.57')
1150,('2017-09-08', '170.95', '26.53')
1151,('2017-09-07', '173.21', '26.3')
1152,('2017-09-06', '172.09', '26.05')
1153,('2017-09-05', '170.72', '25.77')
449,('2017-09-01', '172.02', '25.93')
450,('2017-08-31', '171.97', '26.11')
451,('2017-08-30', '169.92', '25.76')
1154,('2017-08-29', '168.05', '25.04')
1155,('2017-08-28', '167.24', '24.91')
1156,('2017-08-25', '166.32', '24.99')
1157,('2017-08-24', '167.74', '25.66')
452,('2017-08-23', '168.71', '25.48')
453,('2017-08-22', '169.64', '25.34')
1158,('2017-08-21', '167.78', '24.46')
1159,('2017-08-18', '167.41', '24.83')
1160,('2017-08-17', '166.91', '24.54')
1161,('2017-08-16', '170.0', '24.99')
1162,('2017-08-15', '171.0', '24.83')
1163,('2017-08-14', '170.75', '25.2')
454,('2017-08-11', '168.08', '24.82')
1164,('2017-08-10', '167.4', '24.65')
455,('2017-08-09', '171.18', '25.59')
456,('2017-08-08', '171.23', '26.02')
457,('2017-08-07', '171.98', '25.68')
458,('2017-08-04', '169.62', '25.21')
459,('2017-08-03', '168.59', '25.22')
460,('2017-08-02', '169.3', '26.46')
461,('2017-08-01', '169.86', '26.81')
1165,('2017-07-31', '169.25', '26.35')
462,('2017-07-28', '172.45', '26.2')
1166,('2017-07-27', '170.44', '25.92')
463,('2017-07-26', '165.61', '27.31')
1167,('2017-07-25', '165.28', '26.89')
1168,('2017-07-24', '166.0', '26.75')
1169,('2017-07-21', '164.43', '26.85')
1170,('2017-07-20', '164.53', '26.39')
464,('2017-07-19', '164.14', '26.36')
1171,('2017-07-18', '162.86', '26.59')
465,('2017-07-17', '159.73', '26.19')
466,('2017-07-14', '159.97', '26.33')
1172,('2017-07-13', '159.26', '25.98')
1173,('2017-07-12', '158.9', '26.21')
1174,('2017-07-11', '155.27', '25.44')
1175,('2017-07-10', '153.5', '23.94')
1176,('2017-07-07', '151.44', '23.59')
467,('2017-07-06', '148.82', '23.22')
468,('2017-07-05', '150.34', '23.76')
1177,('2017-07-03', '148.43', '22.83')
469,('2017-06-30', '150.98', '23.46')
1178,('2017-06-29', '151.04', '23.4')
1179,('2017-06-28', '153.24', '24.3')
1180,('2017-06-27', '150.58', '23.32')
470,('2017-06-26', '153.59', '23.93')
1181,('2017-06-23', '155.07', '24.17')
1182,('2017-06-22', '153.4', '24.28')
1183,('2017-06-21', '153.91', '24.16')
1184,('2017-06-20', '152.25', '23.85')
1185,('2017-06-19', '152.87', '24.2')
1186,('2017-06-16', '150.64', '23.56')
471,('2017-06-15', '149.8', '23.99')
472,('2017-06-14', '150.25', '23.47')
473,('2017-06-13', '150.68', '23.48')
1187,('2017-06-12', '148.44', '23.6')
474,('2017-06-09', '149.6', '23.03')
1188,('2017-06-08', '154.71', '24.78')
475,('2017-06-07', '153.12', '24.29')
1189,('2017-06-06', '152.81', '24.21')
1190,('2017-06-05', '153.63', '23.39')
1191,('2017-06-02', '153.61', '23.2')
476,('2017-06-01', '151.53', '23.23')
477,('2017-05-31', '151.46', '22.99')
1192,('2017-05-30', '152.38', '22.74')
1193,('2017-05-26', '152.13', '22.33')
1194,('2017-05-25', '151.96', '22.33')
478,('2017-05-24', '150.04', '21.92')
1195,('2017-05-23', '148.07', '21.64')
479,('2017-05-22', '148.24', '20.95')
1196,('2017-05-19', '148.06', '19.91')
480,('2017-05-18', '147.66', '19.68')
1197,('2017-05-17', '144.85', '19.56')
481,('2017-05-16', '149.78', '20.34')
1198,('2017-05-15', '150.19', '20.25')
482,('2017-05-12', '150.33', '20.08')
483,('2017-05-11', '150.04', '19.71')
484,('2017-05-10', '150.29', '19.95')
485,('2017-05-09', '150.48', '19.8')
1199,('2017-05-08', '151.06', '19.56')
486,('2017-05-05', '150.24', '19.78')
487,('2017-05-04', '150.85', '19.9')
488,('2017-05-03', '151.8', '18.28')
489,('2017-05-02', '152.78', '18.81')
490,('2017-05-01', '152.46', '18.61')
1200,('2017-04-28', '150.25', '18.24')
1201,('2017-04-27', '147.7', '18.23')
1202,('2017-04-26', '146.56', '18.08')
491,('2017-04-25', '146.49', '18.22')
1203,('2017-04-24', '145.47', '17.85')
1204,('2017-04-21', '143.68', '17.49')
492,('2017-04-20', '143.8', '17.71')
1205,('2017-04-19', '142.27', '17.2')
1206,('2017-04-18', '140.96', '16.98')
493,('2017-04-17', '141.42', '17.08')
494,('2017-04-13', '139.39', '16.92')
495,('2017-04-12', '139.58', '17.3')
1207,('2017-04-11', '139.92', '16.92')
496,('2017-04-10', '141.04', '16.99')
1208,('2017-04-07', '140.78', '16.69')
497,('2017-04-06', '141.17', '17.0')
498,('2017-04-05', '141.85', '16.75')
499,('2017-04-04', '141.73', '17.04')
500,('2017-04-03', '142.28', '17.03')
1209,('2017-03-31', '142.05', '17.28')
1210,('2017-03-30', '142.41', '17.32')
501,('2017-03-29', '142.65', '17.22')
502,('2017-03-28', '141.76', '17.23')
1211,('2017-03-27', '140.32', '17.25')
503,('2017-03-24', '140.34', '16.59')
504,('2017-03-23', '139.53', '16.61')
505,('2017-03-22', '139.59', '16.41')
506,('2017-03-21', '138.51', '16.51')
507,('2017-03-20', '139.94', '17.24')
508,('2017-03-17', '139.84', '17.28')
509,('2017-03-16', '139.99', '17.21')
510,('2017-03-15', '139.72', '16.95')
1212,('2017-03-14', '139.32', '16.77')
1213,('2017-03-13', '139.6', '16.93')
511,('2017-03-10', '138.79', '16.91')
512,('2017-03-09', '138.24', '17.07')
1214,('2017-03-08', '137.72', '16.83')
513,('2017-03-07', '137.3', '16.76')
514,('2017-03-06', '137.42', '16.86')
515,('2017-03-03', '137.17', '16.89')
516,('2017-03-02', '136.76', '16.99')
1215,('2017-03-01', '137.42', '17.22')
517,('2017-02-28', '135.54', '17.32')
518,('2017-02-27', '136.41', '17.93')
1216,('2017-02-24', '135.44', '17.43')
519,('2017-02-23', '135.36', '17.15')
1217,('2017-02-22', '136.12', '15.04')
520,('2017-02-21', '133.72', '14.63')
521,('2017-02-17', '133.53', '14.47')
1218,('2017-02-16', '133.84', '13.89')
1219,('2017-02-15', '133.44', '14.31')
522,('2017-02-14', '133.85', '14.33')
1220,('2017-02-13', '134.05', '14.5')
1221,('2017-02-10', '134.19', '14.61')
523,('2017-02-09', '134.14', '14.73')
1222,('2017-02-08', '134.2', '14.47')
524,('2017-02-07', '131.84', '14.4')
1223,('2017-02-06', '132.06', '14.4')
525,('2017-02-03', '130.98', '14.28')
1224,('2017-02-02', '130.84', '14.36')
1225,('2017-02-01', '133.23', '14.36')
526,('2017-01-31', '130.32', '14.62')
527,('2017-01-30', '130.98', '14.45')
1226,('2017-01-27', '132.18', '14.53')
1227,('2017-01-26', '132.78', '14.41')
528,('2017-01-25', '131.48', '14.6')
1228,('2017-01-24', '129.37', '14.66')
1229,('2017-01-23', '128.93', '14.61')
1230,('2017-01-20', '127.04', '14.89')
1231,('2017-01-19', '127.55', '14.73')
1232,('2017-01-18', '127.92', '14.64')
529,('2017-01-17', '127.87', '14.69')
530,('2017-01-13', '128.34', '14.75')
531,('2017-01-12', '126.62', '14.74')
532,('2017-01-11', '126.09', '14.9')
1233,('2017-01-10', '124.35', '14.91')
1234,('2017-01-09', '124.9', '15.06')
1235,('2017-01-06', '123.41', '15.0')
533,('2017-01-05', '120.67', '14.56')
1236,('2017-01-04', '118.69', '14.25')
534,('2017-01-03', '116.86', '13.81')
1237,('2016-12-30', '115.05', '13.63')
1238,('2016-12-29', '116.35', '13.73')
1239,('2016-12-28', '116.92', '13.95')
1240,('2016-12-27', '118.01', '14.0')
1241,('2016-12-23', '117.27', '14.07')
1242,('2016-12-22', '117.4', '14.05')
535,('2016-12-21', '119.04', '14.38')
1243,('2016-12-20', '119.09', '14.48')
1244,('2016-12-19', '119.24', '14.36')
1245,('2016-12-16', '119.87', '14.38')
536,('2016-12-15', '120.57', '14.13')
1246,('2016-12-14', '120.21', '13.83')
537,('2016-12-13', '120.31', '14.07')
538,('2016-12-12', '117.77', '13.85')
1247,('2016-12-09', '119.68', '13.89')
1248,('2016-12-08', '118.91', '13.94')
539,('2016-12-07', '117.95', '14.12')
1249,('2016-12-06', '117.31', '13.27')
540,('2016-12-05', '117.43', '13.2')
1250,('2016-12-02', '115.4', '13.06')
541,('2016-12-01', '115.1', '12.71')
542,('2016-11-30', '118.42', '12.94')
1251,('2016-11-29', '120.87', '12.46')
543,('2016-11-28', '120.41', '12.53')
544,('2016-11-25', '120.38', '12.75')
545,('2016-11-23', '120.84', '12.43')
546,('2016-11-22', '121.47', '12.46')
1252,('2016-11-21', '121.77', '12.22')
547,('2016-11-18', '117.02', '12.16')
548,('2016-11-17', '117.79', '12.22')
1253,('2016-11-16', '116.34', '12.04')
549,('2016-11-15', '117.2', '12.03')
1254,('2016-11-14', '115.08', '12.35')
1255,('2016-11-11', '119.02', '11.88')
550,('2016-11-10', '120.8', '11.65')
1256,('2016-11-09', '123.18', '12.0')
1257,('2016-11-08', '124.22', '12.34')
551,('2016-11-07', '122.15', '12.22')
1258,('2016-11-04', '120.75', '12.18')
552,('2016-11-03', '120.0', '11.99')
553,('2016-11-02', '127.17', '11.78')
1259,('2016-11-01', '129.5', '11.07')
1260,('2016-10-31', '130.99', '11.2')
1261,('2016-10-28', '131.29', '11.14')
554,('2016-10-27', '129.69', '11.15')
555,('2016-10-26', '131.04', '11.21')
556,('2016-10-25', '132.29', '11.07')
557,('2016-10-24', '133.28', '11.35')
1262,('2016-10-21', '132.07', '11.32')
558,('2016-10-20', '130.0', '11.19')
559,('2016-10-19', '130.11', '11.3')
1263,('2016-10-18', '128.57', '11.34')
1264,('2016-10-17', '127.54', '10.93')
560,('2016-10-14', '127.88', '11.12')
1265,('2016-10-13', '127.82', '11.19')
1266,('2016-10-12', '129.05', '11.27')
561,('2016-10-11', '128.88', '11.18')
562,('2016-10-10', '130.24', '11.47')
563,('2016-10-07', '128.99', '11.48')
1267,('2016-10-06', '128.74', '11.52')
564,('2016-10-05', '128.47', '11.69')
1268,('2016-10-04', '128.19', '11.63')
565,('2016-10-03', '128.77', '11.67')
566,('2016-09-30', '128.27', '11.66')
567,('2016-09-29', '128.09', '11.64')
568,('2016-09-28', '129.23', '11.83')
1269,('2016-09-27', '128.69', '11.78')
569,('2016-09-26', '127.31', '11.55')
1270,('2016-09-23', '127.96', '11.83')
1271,('2016-09-22', '130.08', '11.68')
1272,('2016-09-21', '129.94', '11.9')
1273,('2016-09-20', '128.64', '11.66')
570,('2016-09-19', '128.65', '11.55')
571,('2016-09-16', '129.07', '11.37')
572,('2016-09-15', '128.35', '11.38')
573,('2016-09-14', '127.77', '11.28')
1274,('2016-09-13', '127.21', '11.23')
1275,('2016-09-12', '128.69', '11.33')
574,('2016-09-09', '127.1', '11.27')
1276,('2016-09-08', '130.27', '11.78')
575,('2016-09-07', '131.05', '11.93')
1277,('2016-09-06', '129.73', '11.83')
576,('2016-09-02', '126.51', '12.05')
1278,('2016-09-01', '126.17', '12.0')
1279,('2016-08-31', '126.12', '12.19')
1280,('2016-08-30', '125.84', '12.07')
1281,('2016-08-29', '126.54', '12.01')
577,('2016-08-26', '124.96', '12.04')
578,('2016-08-25', '123.89', '12.31')
1282,('2016-08-24', '123.48', '12.16')
579,('2016-08-23', '124.37', '12.39')
580,('2016-08-22', '124.15', '11.82')
1283,('2016-08-19', '123.56', '11.8')
1284,('2016-08-18', '123.91', '11.75')
1285,('2016-08-17', '124.37', '11.4')
581,('2016-08-16', '123.3', '11.64')
582,('2016-08-15', '123.9', '11.48')
583,('2016-08-12', '124.88', '11.66')
584,('2016-08-11', '124.9', '11.37')
1286,('2016-08-10', '124.88', '11.07')
585,('2016-08-09', '125.06', '11.3')
1287,('2016-08-08', '125.26', '11.26')
586,('2016-08-05', '125.15', '11.15')
1288,('2016-08-04', '124.36', '11.32')
1289,('2016-08-03', '122.51', '10.44')
1290,('2016-08-02', '123.09', '10.05')
587,('2016-08-01', '124.31', '10.19')
588,('2016-07-29', '123.94', '10.07')
1291,('2016-07-28', '125.0', '10.12')
1292,('2016-07-27', '123.34', '10.13')
589,('2016-07-26', '121.22', '10.1')
1293,('2016-07-25', '121.63', '9.85')
1294,('2016-07-22', '121.0', '9.73')
590,('2016-07-21', '120.61', '9.46')
1295,('2016-07-20', '121.92', '9.58')
1296,('2016-07-19', '120.61', '9.35')
1297,('2016-07-18', '119.37', '9.27')
591,('2016-07-15', '116.86', '9.17')
1298,('2016-07-14', '117.29', '9.37')
592,('2016-07-13', '116.78', '9.29')
593,('2016-07-12', '117.93', '9.4')
594,('2016-07-11', '117.87', '9.24')
1299,('2016-07-08', '117.24', '9.3')
595,('2016-07-07', '115.85', '9.08')
596,('2016-07-06', '116.7', '9.0')
597,('2016-07-05', '114.0', '8.94')
598,('2016-07-01', '114.19', '9.27')
599,('2016-06-30', '114.28', '9.05')
1300,('2016-06-29', '114.16', '9.3')
600,('2016-06-28', '112.7', '8.9')
601,('2016-06-27', '108.97', '8.62')
602,('2016-06-24', '112.08', '8.77')
603,('2016-06-23', '115.08', '9.13')
604,('2016-06-22', '113.91', '8.78')
1301,('2016-06-21', '114.38', '9.35')
1302,('2016-06-20', '113.37', '9.2')
1303,('2016-06-17', '113.02', '9.04')
605,('2016-06-16', '114.39', '9.05')
606,('2016-06-15', '114.6', '9.06')
1304,('2016-06-14', '114.94', '8.89')
1305,('2016-06-13', '113.95', '8.92')
607,('2016-06-10', '116.62', '9.14')
608,('2016-06-09', '118.56', '9.34')
1306,('2016-06-08', '118.39', '9.55')
609,('2016-06-07', '117.76', '9.57')
1307,('2016-06-06', '118.79', '9.51')
1308,('2016-06-03', '118.47', '9.46')
1309,('2016-06-02', '118.93', '9.65')
610,('2016-06-01', '118.78', '9.6')
1310,('2016-05-31', '118.81', '9.53')
1311,('2016-05-27', '119.38', '9.63')
1312,('2016-05-26', '119.47', '9.75')
1313,('2016-05-25', '117.89', '10.0')
611,('2016-05-24', '117.7', '10.14')
612,('2016-05-23', '115.97', '9.46')
613,('2016-05-20', '117.35', '9.39')
1314,('2016-05-19', '116.81', '9.6')
614,('2016-05-18', '117.65', '9.4')
1315,('2016-05-17', '117.35', '9.18')
615,('2016-05-16', '118.67', '9.16')
1316,('2016-05-13', '119.81', '9.36')
1317,('2016-05-12', '120.28', '9.28')
616,('2016-05-11', '119.52', '9.68')
1318,('2016-05-10', '120.5', '10.0')
1319,('2016-05-09', '119.24', '9.85')
1320,('2016-05-06', '119.49', '10.22')
617,('2016-05-05', '117.81', '13.05')
1321,('2016-05-04', '118.06', '13.39')
618,('2016-05-03', '117.43', '13.45')
619,('2016-05-02', '118.57', '14.0')
1322,('2016-04-29', '117.58', '14.89')
620,('2016-04-28', '116.73', '15.35')
621,('2016-04-27', '108.89', '14.69')
622,('2016-04-26', '108.76', '14.18')
623,('2016-04-25', '110.1', '13.59')
1323,('2016-04-22', '110.56', '13.34')
624,('2016-04-21', '113.44', '13.24')
625,('2016-04-20', '112.42', '13.63')
626,('2016-04-19', '112.29', '14.09')
627,('2016-04-18', '110.45', '14.51')
628,('2016-04-15', '109.64', '14.33')
629,('2016-04-14', '110.84', '14.82')
630,('2016-04-13', '110.51', '15.01')
1324,('2016-04-12', '110.61', '15.48')
1325,('2016-04-11', '108.99', '15.36')
631,('2016-04-08', '110.63', '15.13')
632,('2016-04-07', '113.64', '14.81')
633,('2016-04-06', '113.71', '14.97')
634,('2016-04-05', '112.22', '14.26')
1326,('2016-04-04', '112.55', '14.28')
635,('2016-04-01', '116.06', '14.22')
636,('2016-03-31', '114.1', '15.28')
1327,('2016-03-30', '114.7', '15.02')
637,('2016-03-29', '116.14', '13.74')
638,('2016-03-28', '113.69', '13.4')
1328,('2016-03-24', '113.05', '12.88')
639,('2016-03-23', '112.54', '12.59')
640,('2016-03-22', '112.25', '13.06')
641,('2016-03-21', '111.85', '13.4')
1329,('2016-03-18', '111.45', '12.04')
1330,('2016-03-17', '111.02', '11.95')
642,('2016-03-16', '112.18', '11.87')
643,('2016-03-15', '110.67', '11.95')
1331,('2016-03-14', '109.89', '11.61')
1332,('2016-03-11', '109.41', '11.1')
644,('2016-03-10', '107.32', '11.3')
1333,('2016-03-09', '107.51', '12.03')
645,('2016-03-08', '105.93', '11.48')
646,('2016-03-07', '105.73', '12.26')
1334,('2016-03-04', '108.39', '12.01')
647,('2016-03-03', '109.58', '12.25')
648,('2016-03-02', '109.95', '11.97')
649,('2016-03-01', '109.82', '10.72')
1335,('2016-02-29', '106.92', '10.44')
1336,('2016-02-26', '107.92', '10.32')
650,('2016-02-25', '108.07', '10.26')
651,('2016-02-24', '106.88', '9.89')
1337,('2016-02-23', '105.46', '9.71')
652,('2016-02-22', '107.16', '10.38')
653,('2016-02-19', '104.57', '9.97')
654,('2016-02-18', '103.47', '9.98')
655,('2016-02-17', '105.2', '9.84')
1338,('2016-02-16', '101.61', '9.93')
656,('2016-02-12', '102.01', '9.3')
657,('2016-02-11', '101.91', '8.62')
1339,('2016-02-10', '101.0', '8.88')
1340,('2016-02-09', '99.54', '8.62')
658,('2016-02-08', '99.75', '8.37')
659,('2016-02-05', '104.07', '8.63')
660,('2016-02-04', '110.49', '8.9')
1341,('2016-02-03', '112.69', '8.43')
661,('2016-02-02', '114.61', '8.47')
1342,('2016-02-01', '115.09', '8.76')
662,('2016-01-29', '112.21', '8.77')
1343,('2016-01-28', '109.11', '8.74')
663,('2016-01-27', '94.45', '9.05')
664,('2016-01-26', '97.34', '9.54')
1344,('2016-01-25', '97.01', '9.81')
665,('2016-01-22', '97.94', '9.85')
666,('2016-01-21', '94.16', '10.02')
1345,('2016-01-20', '94.35', '9.49')
667,('2016-01-19', '95.26', '9.47')
668,('2016-01-15', '94.97', '10.27')
1346,('2016-01-14', '98.37', '10.82')
1347,('2016-01-13', '95.44', '11.61')
669,('2016-01-12', '99.37', '12.09')
1348,('2016-01-11', '97.51', '11.84')
670,('2016-01-08', '97.33', '11.31')
1349,('2016-01-07', '97.92', '11.16')
671,('2016-01-06', '102.97', '11.52')
1350,('2016-01-05', '102.73', '11.51')
1351,('2016-01-04', '102.22', '12.16')
1352,('2015-12-31', '104.66', '13.09')
672,('2015-12-30', '106.22', '12.78')
673,('2015-12-29', '107.26', '12.74')
1353,('2015-12-28', '105.93', '12.83')
1354,('2015-12-24', '105.02', '12.6')
674,('2015-12-23', '104.63', '12.5')
1355,('2015-12-22', '105.51', '12.46')
675,('2015-12-21', '104.77', '12.24')
1356,('2015-12-18', '104.04', '12.34')
676,('2015-12-17', '106.22', '12.32')
1357,('2015-12-16', '106.79', '12.27')
677,('2015-12-15', '104.55', '12.47')
1358,('2015-12-14', '104.66', '12.33')
678,('2015-12-11', '102.12', '11.95')
679,('2015-12-10', '105.42', '12.05')
1359,('2015-12-09', '104.6', '11.99')
1360,('2015-12-08', '106.49', '12.12')
1361,('2015-12-07', '105.61', '12.36')
680,('2015-12-04', '106.18', '12.04')
1362,('2015-12-03', '104.38', '11.92')
681,('2015-12-02', '106.07', '11.93')
682,('2015-12-01', '107.12', '11.91')
1363,('2015-11-30', '104.24', '12.04')
1364,('2015-11-27', '105.45', '12.05')
683,('2015-11-25', '105.41', '11.9')
684,('2015-11-24', '105.74', '12.02')
1365,('2015-11-23', '106.95', '12.12')
685,('2015-11-20', '107.32', '12.85')
686,('2015-11-19', '106.26', '13.07')
